{
    "accuracy": 0.8458823529411764,
    "precision": 0.8054882238424247,
    "recall": 0.8458823529411764,
    "f1_score": 0.8142635342893713
}