{
    "accuracy": 0.851764705882353,
    "precision": 0.8131033879927766,
    "recall": 0.851764705882353,
    "f1_score": 0.8170479510401724
}